{
  "project_info": {
    "project_number": "283960951381",
    "firebase_url": "https://sxm-app-d0402-default-rtdb.firebaseio.com",
    "project_id": "sxm-app-d0402",
    "storage_bucket": "sxm-app-d0402.appspot.com"
  },
  "client": [
    {
      "client_info": {
        "mobilesdk_app_id": "1:283960951381:android:1b29e5094405d3d907cadc",
        "android_client_info": {
          "package_name": "com.example.mysignupapp"
        }
      },
      "oauth_client": [
        {
          "client_id": "283960951381-5temq7br6ln3e80ssv1sk43jskb5c0ff.apps.googleusercontent.com",
          "client_type": 3
        }
      ],
      "api_key": [
        {
          "current_key": "AIzaSyDsWf-P_hBa4lx_dLRdCXj92F4ayrXj0yY"
        }
      ],
      "services": {
        "appinvite_service": {
          "other_platform_oauth_client": [
            {
              "client_id": "283960951381-5temq7br6ln3e80ssv1sk43jskb5c0ff.apps.googleusercontent.com",
              "client_type": 3
            }
          ]
        }
      }
    }
  ],
  "configuration_version": "1"
}